trial,raw_file,detected,detected_note,actual_note,matches_actual_note,is_false_positive,detection_audio_time_s,samples_to_detection,progressive_fft_checks,analysis_wall_time_s,sample_rate_hz,recording_wall_time_s,effective_received_rate_hz,adc_min,adc_max,adc_mean,adc_std,fundamental_frequency_hz,fundamental_magnitude,fundamental_peak_to_median,second_harmonic_frequency_hz,second_harmonic_magnitude,second_harmonic_peak_to_median,third_harmonic_frequency_hz,third_harmonic_magnitude,third_harmonic_peak_to_median,median_spectral_magnitude
1,trial_001_raw.npy,True,D#4 / Eb4,D#4 / Eb4,True,False,0.0643980204991749,515,1,0.0007625999860465527,7997.140222758842,3.0010727999615483,7997.140222758842,0,2967,1444.6192083333333,770.4921085750526,310.9210409434426,424.6142730999048,64.46594981784968,621.6820224500525,602.1034278207089,91.41277583458087,932.4814836783056,475.82709726725534,72.24120270489993,6.586644178820976
2,trial_002_raw.npy,True,D#4 / Eb4,D#4 / Eb4,True,False,0.06438028733362444,515,1,0.001046899997163564,7999.342987259806,3.000246400013566,7999.342987259806,0,3028,1447.11225,784.1821956480753,311.64952223889213,431.81135977621636,44.52316323374724,621.6484297674372,638.0064606065499,65.78350741974927,932.8934496464643,494.37965852687006,50.974449230430864,9.698577738270764
3,trial_003_raw.npy,True,D#4 / Eb4,D#4 / Eb4,True,False,0.06439843464566365,515,1,0.0010277999972458929,7997.0887931307525,3.0010920999920927,7997.0887931307525,0,3013,1447.1696666666667,784.5556863267227,310.17514844571235,408.00884187657516,34.58017837609527,621.5811463022226,633.5850988691463,53.69855622383491,932.4497837894094,482.186297986195,40.86697758357808,11.798922418475007
4,trial_004_raw.npy,True,D#4 / Eb4,D#4 / Eb4,True,False,0.06438831275019766,515,1,0.0011454999912530184,7998.345942034629,3.000620400009211,7998.345942034629,0,3023,1444.629625,784.0279509410703,310.13715747555227,456.3180667035858,144.11856708203405,621.6362316204674,640.6412069902173,202.33319586074884,932.5223079741571,472.8952588245137,149.3541283035528,3.166268413172912
5,trial_005_raw.npy,True,D#4 / Eb4,D#4 / Eb4,True,False,0.06440289797925895,515,1,0.0010343000176362693,7996.53456845772,3.0013001000043005,7996.53456845772,0,3010,1444.8072083333334,773.6244580370545,310.7562106284434,421.3116000637907,44.457348316701356,621.7811667298903,653.0794519915449,68.91379366547822,932.5191478708064,457.13462135046143,48.237440141509865,9.476759546306903
6,trial_006_raw.npy,True,D#4 / Eb4,D#4 / Eb4,True,False,0.08037806228742556,643,129,0.07661210000514984,7999.695211619846,3.0001142999972217,7999.695211619846,0,3021,1443.722125,775.5583738142802,310.84226271336286,420.521460863895,31.8753108027977,621.9317485578379,660.457004912326,50.06230183880915,933.2809025405752,474.65738593839507,35.97878612555932,13.192701506991606
7,trial_007_raw.npy,True,D#4 / Eb4,D#4 / Eb4,True,False,0.06438720979220913,515,1,0.0009240000217687339,7998.482954332261,3.00056900002528,7998.482954332261,0,2832,1443.4135833333332,766.1164628938211,311.0713723778636,414.60424897541907,88.45480050488153,621.8312490136382,660.474148313327,140.9105410088322,932.5850946022346,446.8970544614938,95.34439141976632,4.687187655265114
8,trial_008_raw.npy,True,D#4 / Eb4,D#4 / Eb4,True,False,0.06439043068758717,515,1,0.0009527000074740499,7998.082859527742,3.000719100004062,7998.082859527742,0,3018,1447.1600416666668,784.7879352725197,311.085992263415,439.2169111238313,83.84831310602713,621.8389669296589,678.8842701999002,129.60179676330634,932.5438223042754,437.1591911920905,83.45548591574513,5.238231931612465
9,trial_009_raw.npy,True,D#4 / Eb4,D#4 / Eb4,True,False,0.06439407002115331,515,1,0.0011184999893885106,7997.630835119191,3.0008887000149116,7997.630835119191,0,3021,1445.75675,768.1473040208275,311.1523512828735,406.47938929070654,69.49282155408663,621.7063151442071,668.4347690742946,114.27742550214734,932.3868995449974,450.6976919963158,77.05250280805507,5.849228455551218
10,trial_010_raw.npy,True,D#4 / Eb4,D#4 / Eb4,True,False,0.06438398460388271,515,1,0.0007010999834164977,7998.883622511034,3.000418699986767,7998.883622511034,0,3019,1442.6624583333332,758.5341366909458,310.11863810896904,409.32201303073253,61.62635092042089,621.484288760826,690.9405590554879,104.02603329889398,932.5300058195926,462.812888257361,69.67978401909265,6.64199659589283
11,trial_011_raw.npy,True,D#4 / Eb4,D#4 / Eb4,True,False,0.06439685316569618,515,1,0.0010136999771930277,7997.285188375283,3.0010183999547735,7997.285188375283,0,3025,1443.6537916666666,759.0703970488792,310.5828411034198,420.51503113478657,83.59522848019482,621.5762275731889,687.4897759810927,136.6678017331476,932.5800273738446,470.5857440745804,93.54890998611629,5.030371215917114
12,trial_012_raw.npy,True,D#4 / Eb4,D#4 / Eb4,True,False,0.06438785568796447,515,1,0.0007772999815642834,7998.402718919322,3.0005991000216454,7998.402718919322,0,2993,1443.2808333333332,750.201855280936,311.026712760359,416.1024326706833,128.80858617841616,621.7516237944093,664.254040711515,205.62634853679538,932.5498921507971,460.16005236662676,142.4470541561129,3.230393601978744
13,trial_013_raw.npy,True,D#4 / Eb4,D#4 / Eb4,True,False,0.06439297779116411,515,1,0.0010865000076591969,7997.766490473863,3.00083779997658,7997.766490473863,0,3022,1444.1104583333333,759.8054040461878,310.9754916674351,415.8424160392077,81.78766344684522,621.7295899285027,661.3683953166284,130.07758142073808,932.5620822046185,442.20965192900627,86.97355726575545,5.084414916798163
14,trial_014_raw.npy,True,D#4 / Eb4,D#4 / Eb4,True,False,0.06439964489613582,515,1,0.0010864000068977475,7996.938505337964,3.0011485000140965,7996.938505337964,0,2951,1446.5872916666667,777.1034927044342,311.16847913365973,423.2478334189938,52.766395178884636,621.5436073305532,658.9947009462819,82.15700605016242,932.6525926513045,452.0673239793269,56.35932704453994,8.021162559696016
15,trial_015_raw.npy,True,D#4 / Eb4,D#4 / Eb4,True,False,0.06440909300104977,515,1,0.000992499990388751,7995.765442491269,3.0015888000489213,7995.765442491269,0,2967,1446.3967916666666,781.5333634579939,310.6618121668579,423.57546134540195,104.50958328194868,621.5530451635638,682.0585904302596,168.28561983578544,932.2275064108453,447.81779343721814,110.4909402204526,4.052982014124667
16,trial_016_raw.npy,True,D#4 / Eb4,D#4 / Eb4,True,False,0.06439584033339392,515,1,0.0010661999986041337,7997.41097148064,3.000971200002823,7997.41097148064,0,3022,1446.3062083333334,777.9535947618855,310.8501728109967,414.10350972351887,92.40296471175597,621.7333037156112,673.8780381868785,150.36899499881966,932.4164091639879,441.5086931320876,98.51815121938039,4.481495924024552
17,trial_017_raw.npy,True,D#4 / Eb4,D#4 / Eb4,True,False,0.06440458675046103,515,1,0.0008383000094909221,7996.324889023739,3.0013788000214845,7996.324889023739,0,2817,1445.466625,769.5173105091538,310.7983164896448,425.2947150407962,82.48204909465737,621.6539374398719,676.536275893728,131.20806901451937,932.436179163119,446.2688889496929,86.54979971767547,5.156209377785013
18,trial_018_raw.npy,True,D#4 / Eb4,D#4 / Eb4,True,False,0.06438993714590954,515,1,0.0008274999854620546,7998.144163939692,3.0006961000035517,7998.144163939692,0,2912,1445.0250416666668,770.8966024355883,310.4154127693785,424.72023409031243,108.81055891322231,621.6744656233891,667.5517308230192,171.02240746763243,932.6281447584813,450.9119689962791,115.52071087979704,3.903299811455171
19,trial_019_raw.npy,True,D#4 / Eb4,D#4 / Eb4,True,False,0.0643852141657529,515,1,0.000990900007309392,7998.730868149126,3.000475999957416,7998.730868149126,0,3002,1445.867375,768.5353432945391,310.86225475168567,424.1062829443628,132.5420142777555,621.7842725600386,673.7260596547783,210.5533744940397,932.6381138301829,417.62165071802417,130.5154321409327,3.1997875183608135
20,trial_020_raw.npy,True,D#4 / Eb4,D#4 / Eb4,True,False,0.06439938739542413,515,1,0.0010206000006292015,7996.970481066923,3.0011364999809302,7996.970481066923,0,2911,1444.3892083333333,768.2531642284686,310.7657253556271,413.56328165125547,65.97418649061198,621.9007069727785,688.6754110209597,109.86178419125069,932.5617981403306,421.3739482641258,67.22019260042916,6.268562049038753
21,trial_021_raw.npy,True,D#4 / Eb4,D#4 / Eb4,True,False,0.10924243989966635,874,360,0.2488477000151761,8000.553638336207,2.999792399990838,8000.553638336207,0,3039,1451.3602916666666,812.6134704922339,311.1596021443109,416.4027277616663,30.703391035920127,622.0881487884902,693.9254755996893,51.166488129536965,933.2234668748498,423.68169127324506,31.240104290018007,13.56210873497698
22,trial_022_raw.npy,True,D#4 / Eb4,D#4 / Eb4,True,False,0.06441245122955781,515,1,0.0011586000036913902,7995.348572663463,3.0017453000182286,7995.348572663463,0,3024,1448.2137083333334,797.2362802356778,310.7705044509832,423.09670492376983,40.83267813042493,620.1014788864383,651.2365585814755,62.850247883906576,932.7451162210257,415.32511008738265,40.08264858204676,10.361718219224892
23,trial_023_raw.npy,True,D#4 / Eb4,D#4 / Eb4,True,False,0.06439202933435202,515,1,0.0009695999906398356,7997.8842928818285,3.000793600047473,7997.8842928818285,0,3030,1454.88075,833.794531095306,310.90614580065846,427.719593392084,72.5631320189428,621.6000104593319,667.8957163868043,113.3092937330914,932.647739082487,433.0359619423721,73.46506019557015,5.894447793135868
24,trial_024_raw.npy,True,D#4 / Eb4,D#4 / Eb4,True,False,0.06439544764540188,515,1,0.0009780999971553683,7997.459740258104,3.000952899979893,7997.459740258104,0,3021,1446.7267083333334,777.7190285102772,310.67181917044445,403.08099515677173,38.56659009179894,621.8620948119258,712.5496237607008,68.17639528987561,932.4887050302924,416.0462132616882,39.807095742303765,10.451559087731885
25,trial_025_raw.npy,True,D#4 / Eb4,D#4 / Eb4,True,False,0.0644072411465216,515,1,0.0013651000044774264,7995.9953389156035,3.0015025000320747,7995.9953389156035,0,2979,1446.2615416666667,776.152813575098,310.78287998120805,433.9104384445495,55.67013191415473,621.4527347277703,658.4924019407125,84.48369901382938,932.404040251532,413.02740526392535,52.99086654294015,7.794313099772324
26,trial_026_raw.npy,True,D#4 / Eb4,D#4 / Eb4,True,False,0.06439144995743845,515,1,0.0007083000091370195,7997.95625568931,3.000766599958297,7997.95625568931,0,2999,1443.993,758.4354735020713,309.8843346847892,444.1560971367616,37.52266646810732,621.785948681869,668.1883594677448,56.44909326204728,932.4752443860127,412.7045198022694,34.865611766335086,11.837007839362258
27,trial_027_raw.npy,True,D#4 / Eb4,D#4 / Eb4,True,False,0.06440060193759564,515,1,0.0011180000146850944,7996.819664807425,3.001193100004457,7996.819664807425,0,2895,1443.1115,759.8863288583251,310.6609994747575,439.0207688472095,49.64997326103997,621.4327008533727,642.1420359485578,72.62147300765065,932.0422304154924,424.0695789808213,47.95910524348325,8.842316319870134
28,trial_028_raw.npy,True,D#4 / Eb4,D#4 / Eb4,True,False,0.0643902332706663,515,1,0.0010144000116270036,7998.107381210778,3.0007098999922164,7998.107381210778,0,3007,1444.0743333333332,755.9239013268776,310.79778590450223,424.18977020323865,50.46028444676443,621.6998731905161,667.8321334490822,79.4432157107049,932.6107322423131,416.5634030589917,49.553075733999435,8.406408621234757
29,trial_029_raw.npy,True,D#4 / Eb4,D#4 / Eb4,True,False,0.06440174781257763,515,1,0.0009695999906398356,7996.677380538744,3.0012465000036173,7996.677380538744,0,2970,1444.4844583333334,761.0164663205655,310.7970759683782,411.40155853374307,41.982639329237266,621.8003367143,638.4989105261329,65.15743296711639,932.3299153359094,435.8915348575962,44.48178844974687,9.799325747660594
30,trial_030_raw.npy,True,D#4 / Eb4,D#4 / Eb4,True,False,0.06437934102141298,515,1,0.0009777999948710203,7999.460569636892,3.000202300027013,7999.460569636892,0,2928,1445.4213333333332,767.750166118372,311.12535469185605,409.7871260549692,112.68554070745105,621.9074836372772,648.8805279258064,178.43277276125917,932.7418018535215,427.1870867594735,117.47027857647932,3.636554641192515
